content,topic
"We ship orders from Monday to Friday, excluding public holidays.",shipping
"To purchase a product, select the item, add it to your cart, and proceed to checkout.",order
Refund Policy: Products can be returned within 3 days of delivery if damaged or defective.,refund
"Available payment methods include Bank Transfer, Credit Card, and E-Wallets.",payment
Estimated delivery time is 2-5 business days depending on your location.,shipping
You can cancel your order before it is processed for shipment.,order
We take customer data privacy seriously and comply with GDPR regulations.,privacy
"Our customer support team is available Monday to Friday, 9 AM-6 PM.",support
You can track your order using the tracking number provided via email.,shipping
We offer free shipping for orders above $50.,shipping
Discount codes can be applied during checkout in the promo code field.,discount
Gift cards are available and can be used for any product in our store.,gift
"To create an account, click the 'Sign Up' button and fill in your details.",account
Forgot your password? Use the 'Forgot Password' link to reset it.,account
We currently deliver to all major cities and selected rural areas.,shipping
You will receive an order confirmation email after successful payment.,order
We do not store your payment information for security reasons.,privacy
Sale items cannot be returned unless they are damaged or incorrect.,refund
Contact our live chat for immediate assistance with your order.,support
We provide order updates via SMS and email notifications.,order
International shipping rates depend on destination and weight.,shipping
You can change your delivery address before your order is shipped.,order
Refunds are processed within 5-7 business days after approval.,refund
We support PayPal and Apple Pay as additional payment options.,payment
Loyalty members earn points for every purchase made.,loyalty
Use the wishlist feature to save products for later.,account
Products with a warranty will have details listed on the product page.,warranty
We send newsletters with exclusive deals to subscribed users.,marketing
Items marked 'Out of Stock' can be pre-ordered if available.,inventory
Orders cannot be modified once they have been dispatched.,order
You can pay in installments using our partner financing options.,payment
"For bulk or corporate purchases, contact our sales department.",order
Ensure your contact number is correct to avoid delivery issues.,shipping
We offer eco-friendly packaging for all orders.,sustainability
Product reviews can be submitted only by verified buyers.,review
You can unsubscribe from marketing emails at any time.,privacy
Return shipping costs are covered only for defective items.,refund
All prices include applicable taxes unless stated otherwise.,payment
Our website uses cookies to enhance your browsing experience.,privacy
Customers can request an invoice via email after purchase.,payment
Flash sales are time-limited and cannot be extended.,discount
We verify product quality before dispatching any order.,quality
Each customer account can only have one active discount code per order.,discount
Delivery delays may occur during high-demand periods or bad weather.,shipping
You can contact us via email at support@store.com for any inquiries.,support
Membership tiers provide additional perks such as free shipping and early access to sales.,loyalty
We comply with local consumer protection laws for all transactions.,policy
Defective products must be reported within 48 hours of receipt.,refund
You can request a digital receipt instead of a printed one to reduce paper waste.,sustainability
"If your order arrives incomplete, contact support with your order number.",support
